"filename", "language", "TypeScript React", "TypeScript", "Less", "XML", "CSS", "JSON", "JSON with Comments", "JavaScript", "Markdown", "HTML", "comment", "blank", "total"
"/Users/aic/Desktop/zen-blog/README.md", "Markdown", 0, 0, 0, 0, 0, 0, 0, 0, 2, 0, 0, 1, 3
"/Users/aic/Desktop/zen-blog/api/index.js", "JavaScript", 0, 0, 0, 0, 0, 0, 0, 35, 0, 0, 9, 17, 61
"/Users/aic/Desktop/zen-blog/config/env.js", "JavaScript", 0, 0, 0, 0, 0, 0, 0, 59, 0, 0, 35, 11, 105
"/Users/aic/Desktop/zen-blog/config/getHttpsConfig.js", "JavaScript", 0, 0, 0, 0, 0, 0, 0, 51, 0, 0, 7, 9, 67
"/Users/aic/Desktop/zen-blog/config/jest/babelTransform.js", "JavaScript", 0, 0, 0, 0, 0, 0, 0, 25, 0, 0, 0, 5, 30
"/Users/aic/Desktop/zen-blog/config/jest/cssTransform.js", "JavaScript", 0, 0, 0, 0, 0, 0, 0, 9, 0, 0, 3, 3, 15
"/Users/aic/Desktop/zen-blog/config/jest/fileTransform.js", "JavaScript", 0, 0, 0, 0, 0, 0, 0, 31, 0, 0, 4, 6, 41
"/Users/aic/Desktop/zen-blog/config/modules.js", "JavaScript", 0, 0, 0, 0, 0, 0, 0, 80, 0, 0, 30, 25, 135
"/Users/aic/Desktop/zen-blog/config/paths.js", "JavaScript", 0, 0, 0, 0, 0, 0, 0, 55, 0, 0, 10, 13, 78
"/Users/aic/Desktop/zen-blog/config/webpack.config.js", "JavaScript", 0, 0, 0, 0, 0, 0, 0, 587, 0, 0, 180, 30, 797
"/Users/aic/Desktop/zen-blog/config/webpack/persistentCache/createEnvironmentHash.js", "JavaScript", 0, 0, 0, 0, 0, 0, 0, 7, 0, 0, 0, 3, 10
"/Users/aic/Desktop/zen-blog/config/webpackDevServer.config.js", "JavaScript", 0, 0, 0, 0, 0, 0, 0, 63, 0, 0, 58, 7, 128
"/Users/aic/Desktop/zen-blog/content/articles/articleList/articleList.json", "JSON", 0, 0, 0, 0, 0, 28, 0, 0, 0, 0, 0, 0, 28
"/Users/aic/Desktop/zen-blog/content/articles/inspireList/InspireNavSidebar.json", "JSON", 0, 0, 0, 0, 0, 24, 0, 0, 0, 0, 0, 0, 24
"/Users/aic/Desktop/zen-blog/content/articles/inspireList/inspireCardContent.json", "JSON", 0, 0, 0, 0, 0, 88, 0, 0, 0, 0, 0, 0, 88
"/Users/aic/Desktop/zen-blog/content/works/bannerContent.json", "JSON", 0, 0, 0, 0, 0, 19, 0, 0, 0, 0, 0, 0, 19
"/Users/aic/Desktop/zen-blog/index.html", "HTML", 0, 0, 0, 0, 0, 0, 0, 0, 0, 13, 0, 1, 14
"/Users/aic/Desktop/zen-blog/package-lock.json", "JSON", 0, 0, 0, 0, 0, 28146, 0, 0, 0, 0, 0, 1, 28147
"/Users/aic/Desktop/zen-blog/package.json", "JSON", 0, 0, 0, 0, 0, 144, 0, 0, 0, 0, 0, 1, 145
"/Users/aic/Desktop/zen-blog/public/vite.svg", "XML", 0, 0, 0, 1, 0, 0, 0, 0, 0, 0, 0, 0, 1
"/Users/aic/Desktop/zen-blog/scripts/build.js", "JavaScript", 0, 0, 0, 0, 0, 0, 0, 174, 0, 0, 21, 23, 218
"/Users/aic/Desktop/zen-blog/scripts/start.js", "JavaScript", 0, 0, 0, 0, 0, 0, 0, 122, 0, 0, 17, 16, 155
"/Users/aic/Desktop/zen-blog/scripts/test.js", "JavaScript", 0, 0, 0, 0, 0, 0, 0, 36, 0, 0, 7, 10, 53
"/Users/aic/Desktop/zen-blog/server.js", "JavaScript", 0, 0, 0, 0, 0, 0, 0, 38, 0, 0, 12, 19, 69
"/Users/aic/Desktop/zen-blog/src/App.less", "Less", 0, 0, 45, 0, 0, 0, 0, 0, 0, 0, 0, 14, 59
"/Users/aic/Desktop/zen-blog/src/App.tsx", "TypeScript React", 21, 0, 0, 0, 0, 0, 0, 0, 0, 0, 2, 5, 28
"/Users/aic/Desktop/zen-blog/src/api/hygraph.tsx", "TypeScript React", 65, 0, 0, 0, 0, 0, 0, 0, 0, 0, 12, 24, 101
"/Users/aic/Desktop/zen-blog/src/assets/react.svg", "XML", 0, 0, 0, 1, 0, 0, 0, 0, 0, 0, 0, 0, 1
"/Users/aic/Desktop/zen-blog/src/assets/svg/Icon-doubleCircle.svg", "XML", 0, 0, 0, 13, 0, 0, 0, 0, 0, 0, 0, 1, 14
"/Users/aic/Desktop/zen-blog/src/assets/svg/bg-automation.svg", "XML", 0, 0, 0, 37, 0, 0, 0, 0, 0, 0, 0, 1, 38
"/Users/aic/Desktop/zen-blog/src/assets/svg/bg-pageBg.svg", "XML", 0, 0, 0, 3, 0, 0, 0, 0, 0, 0, 0, 1, 4
"/Users/aic/Desktop/zen-blog/src/assets/svg/bg-radia-dottedLine.svg", "XML", 0, 0, 0, 3, 0, 0, 0, 0, 0, 0, 0, 1, 4
"/Users/aic/Desktop/zen-blog/src/assets/svg/bg-radia-normalLine.svg", "XML", 0, 0, 0, 3, 0, 0, 0, 0, 0, 0, 0, 1, 4
"/Users/aic/Desktop/zen-blog/src/assets/svg/bg-radia-outLine.svg", "XML", 0, 0, 0, 3, 0, 0, 0, 0, 0, 0, 0, 1, 4
"/Users/aic/Desktop/zen-blog/src/assets/svg/bg-radia.svg", "XML", 0, 0, 0, 10, 0, 0, 0, 0, 0, 0, 0, 1, 11
"/Users/aic/Desktop/zen-blog/src/assets/svg/bg-tiltBg.svg", "XML", 0, 0, 0, 10, 0, 0, 0, 0, 0, 0, 0, 0, 10
"/Users/aic/Desktop/zen-blog/src/assets/svg/bg-userFeedBack.svg", "XML", 0, 0, 0, 10, 0, 0, 0, 0, 0, 0, 0, 1, 11
"/Users/aic/Desktop/zen-blog/src/assets/svg/bg-uxStategy.svg", "XML", 0, 0, 0, 11, 0, 0, 0, 0, 0, 0, 0, 1, 12
"/Users/aic/Desktop/zen-blog/src/assets/svg/graphic-doubleSquare.svg", "XML", 0, 0, 0, 9, 0, 0, 0, 0, 0, 0, 0, 1, 10
"/Users/aic/Desktop/zen-blog/src/assets/svg/graphic-tranglesBottom.svg", "XML", 0, 0, 0, 3, 0, 0, 0, 0, 0, 0, 0, 1, 4
"/Users/aic/Desktop/zen-blog/src/assets/svg/graphic-tranglesMedium.svg", "XML", 0, 0, 0, 3, 0, 0, 0, 0, 0, 0, 0, 1, 4
"/Users/aic/Desktop/zen-blog/src/assets/svg/graphic-tranglesTop.svg", "XML", 0, 0, 0, 3, 0, 0, 0, 0, 0, 0, 0, 1, 4
"/Users/aic/Desktop/zen-blog/src/assets/svg/icon-Quota.svg", "XML", 0, 0, 0, 13, 0, 0, 0, 0, 0, 0, 0, 1, 14
"/Users/aic/Desktop/zen-blog/src/assets/svg/icon-arrDown.svg", "XML", 0, 0, 0, 11, 0, 0, 0, 0, 0, 0, 0, 1, 12
"/Users/aic/Desktop/zen-blog/src/assets/svg/icon-arrUp.svg", "XML", 0, 0, 0, 11, 0, 0, 0, 0, 0, 0, 0, 1, 12
"/Users/aic/Desktop/zen-blog/src/assets/svg/icon-back.svg", "XML", 0, 0, 0, 18, 0, 0, 0, 0, 0, 0, 0, 1, 19
"/Users/aic/Desktop/zen-blog/src/assets/svg/icon-book.svg", "XML", 0, 0, 0, 5, 0, 0, 0, 0, 0, 0, 0, 1, 6
"/Users/aic/Desktop/zen-blog/src/assets/svg/icon-business.svg", "XML", 0, 0, 0, 3, 0, 0, 0, 0, 0, 0, 0, 1, 4
"/Users/aic/Desktop/zen-blog/src/assets/svg/icon-circle.svg", "XML", 0, 0, 0, 10, 0, 0, 0, 0, 0, 0, 0, 1, 11
"/Users/aic/Desktop/zen-blog/src/assets/svg/icon-colorBorder.svg", "XML", 0, 0, 0, 11, 0, 0, 0, 0, 0, 0, 0, 1, 12
"/Users/aic/Desktop/zen-blog/src/assets/svg/icon-contact.svg", "XML", 0, 0, 0, 3, 0, 0, 0, 0, 0, 0, 0, 1, 4
"/Users/aic/Desktop/zen-blog/src/assets/svg/icon-desLine.svg", "XML", 0, 0, 0, 3, 0, 0, 0, 0, 0, 0, 0, 1, 4
"/Users/aic/Desktop/zen-blog/src/assets/svg/icon-designIcon.svg", "XML", 0, 0, 0, 3, 0, 0, 0, 0, 0, 0, 0, 1, 4
"/Users/aic/Desktop/zen-blog/src/assets/svg/icon-detail.svg", "XML", 0, 0, 0, 12, 0, 0, 0, 0, 0, 0, 0, 1, 13
"/Users/aic/Desktop/zen-blog/src/assets/svg/icon-discord.svg", "XML", 0, 0, 0, 3, 0, 0, 0, 0, 0, 0, 0, 1, 4
"/Users/aic/Desktop/zen-blog/src/assets/svg/icon-download.svg", "XML", 0, 0, 0, 4, 0, 0, 0, 0, 0, 0, 0, 1, 5
"/Users/aic/Desktop/zen-blog/src/assets/svg/icon-dribble.svg", "XML", 0, 0, 0, 10, 0, 0, 0, 0, 0, 0, 0, 1, 11
"/Users/aic/Desktop/zen-blog/src/assets/svg/icon-facebook.svg", "XML", 0, 0, 0, 10, 0, 0, 0, 0, 0, 0, 0, 1, 11
"/Users/aic/Desktop/zen-blog/src/assets/svg/icon-fun.svg", "XML", 0, 0, 0, 3, 0, 0, 0, 0, 0, 0, 0, 1, 4
"/Users/aic/Desktop/zen-blog/src/assets/svg/icon-gear.svg", "XML", 0, 0, 0, 10, 0, 0, 0, 0, 0, 0, 0, 1, 11
"/Users/aic/Desktop/zen-blog/src/assets/svg/icon-github.svg", "XML", 0, 0, 0, 3, 0, 0, 0, 0, 0, 0, 0, 1, 4
"/Users/aic/Desktop/zen-blog/src/assets/svg/icon-gointo.svg", "XML", 0, 0, 0, 3, 0, 0, 0, 0, 0, 0, 0, 1, 4
"/Users/aic/Desktop/zen-blog/src/assets/svg/icon-gradualArrow.svg", "XML", 0, 0, 0, 10, 0, 0, 0, 0, 0, 0, 0, 1, 11
"/Users/aic/Desktop/zen-blog/src/assets/svg/icon-instagram.svg", "XML", 0, 0, 0, 10, 0, 0, 0, 0, 0, 0, 0, 1, 11
"/Users/aic/Desktop/zen-blog/src/assets/svg/icon-jueJin.svg", "XML", 0, 0, 0, 10, 0, 0, 0, 0, 0, 0, 0, 1, 11
"/Users/aic/Desktop/zen-blog/src/assets/svg/icon-next.svg", "XML", 0, 0, 0, 3, 0, 0, 0, 0, 0, 0, 0, 1, 4
"/Users/aic/Desktop/zen-blog/src/assets/svg/icon-okjike.svg", "XML", 0, 0, 0, 14, 0, 0, 0, 0, 0, 0, 0, 1, 15
"/Users/aic/Desktop/zen-blog/src/assets/svg/icon-personal.svg", "XML", 0, 0, 0, 3, 0, 0, 0, 0, 0, 0, 0, 1, 4
"/Users/aic/Desktop/zen-blog/src/assets/svg/icon-product.svg", "XML", 0, 0, 0, 3, 0, 0, 0, 0, 0, 0, 0, 1, 4
"/Users/aic/Desktop/zen-blog/src/assets/svg/icon-squareGraphic.svg", "XML", 0, 0, 0, 11, 0, 0, 0, 0, 0, 0, 0, 1, 12
"/Users/aic/Desktop/zen-blog/src/assets/svg/icon-tiktok.svg", "XML", 0, 0, 0, 16, 0, 0, 0, 0, 0, 0, 0, 1, 17
"/Users/aic/Desktop/zen-blog/src/assets/svg/icon-titter.svg", "XML", 0, 0, 0, 3, 0, 0, 0, 0, 0, 0, 0, 1, 4
"/Users/aic/Desktop/zen-blog/src/assets/svg/icon-tran.svg", "XML", 0, 0, 0, 10, 0, 0, 0, 0, 0, 0, 0, 1, 11
"/Users/aic/Desktop/zen-blog/src/assets/svg/icon-upArrow.svg", "XML", 0, 0, 0, 9, 0, 0, 0, 0, 0, 0, 0, 1, 10
"/Users/aic/Desktop/zen-blog/src/assets/svg/icon-user.svg", "XML", 0, 0, 0, 5, 0, 0, 0, 0, 0, 0, 0, 1, 6
"/Users/aic/Desktop/zen-blog/src/assets/svg/icon-whatApp.svg", "XML", 0, 0, 0, 10, 0, 0, 0, 0, 0, 0, 0, 1, 11
"/Users/aic/Desktop/zen-blog/src/assets/svg/icon-zhihu.svg", "XML", 0, 0, 0, 3, 0, 0, 0, 0, 0, 0, 0, 1, 4
"/Users/aic/Desktop/zen-blog/src/assets/svg/link-blue.svg", "XML", 0, 0, 0, 7, 0, 0, 0, 0, 0, 0, 0, 1, 8
"/Users/aic/Desktop/zen-blog/src/assets/svg/link-green.svg", "XML", 0, 0, 0, 7, 0, 0, 0, 0, 0, 0, 0, 1, 8
"/Users/aic/Desktop/zen-blog/src/assets/svg/link-orange.svg", "XML", 0, 0, 0, 7, 0, 0, 0, 0, 0, 0, 0, 1, 8
"/Users/aic/Desktop/zen-blog/src/assets/svg/link-purple.svg", "XML", 0, 0, 0, 7, 0, 0, 0, 0, 0, 0, 0, 1, 8
"/Users/aic/Desktop/zen-blog/src/assets/svg/pop-BottomLeft.svg", "XML", 0, 0, 0, 17, 0, 0, 0, 0, 0, 0, 0, 1, 18
"/Users/aic/Desktop/zen-blog/src/assets/svg/pop-BottomRight.svg", "XML", 0, 0, 0, 7, 0, 0, 0, 0, 0, 0, 0, 1, 8
"/Users/aic/Desktop/zen-blog/src/assets/svg/pop-RightBottom.svg", "XML", 0, 0, 0, 17, 0, 0, 0, 0, 0, 0, 0, 1, 18
"/Users/aic/Desktop/zen-blog/src/assets/svg/pop-RightTop.svg", "XML", 0, 0, 0, 7, 0, 0, 0, 0, 0, 0, 0, 1, 8
"/Users/aic/Desktop/zen-blog/src/assets/svg/pop-TopLeft.svg", "XML", 0, 0, 0, 7, 0, 0, 0, 0, 0, 0, 0, 1, 8
"/Users/aic/Desktop/zen-blog/src/assets/svg/pop-TopRight.svg", "XML", 0, 0, 0, 17, 0, 0, 0, 0, 0, 0, 0, 1, 18
"/Users/aic/Desktop/zen-blog/src/assets/svg/pop-leftBottom.svg", "XML", 0, 0, 0, 7, 0, 0, 0, 0, 0, 0, 0, 1, 8
"/Users/aic/Desktop/zen-blog/src/assets/svg/pop-leftTop.svg", "XML", 0, 0, 0, 17, 0, 0, 0, 0, 0, 0, 0, 1, 18
"/Users/aic/Desktop/zen-blog/src/components/Border/Border.less", "Less", 0, 0, 5, 0, 0, 0, 0, 0, 0, 0, 1, 0, 6
"/Users/aic/Desktop/zen-blog/src/components/Border/Border.tsx", "TypeScript React", 12, 0, 0, 0, 0, 0, 0, 0, 0, 0, 0, 3, 15
"/Users/aic/Desktop/zen-blog/src/components/HomePage/AboutMe/AboutMe.less", "Less", 0, 0, 888, 0, 0, 0, 0, 0, 0, 0, 93, 140, 1121
"/Users/aic/Desktop/zen-blog/src/components/HomePage/AboutMe/AboutMe.tsx", "TypeScript React", 147, 0, 0, 0, 0, 0, 0, 0, 0, 0, 1, 12, 160
"/Users/aic/Desktop/zen-blog/src/components/HomePage/Articles/ArticleCard/ArticleCard.less", "Less", 0, 0, 208, 0, 0, 0, 0, 0, 0, 0, 6, 34, 248
"/Users/aic/Desktop/zen-blog/src/components/HomePage/Articles/ArticleCard/ArticleCard.tsx", "TypeScript React", 27, 0, 0, 0, 0, 0, 0, 0, 0, 0, 1, 9, 37
"/Users/aic/Desktop/zen-blog/src/components/HomePage/Articles/Articles.less", "Less", 0, 0, 277, 0, 0, 0, 0, 0, 0, 0, 14, 41, 332
"/Users/aic/Desktop/zen-blog/src/components/HomePage/Articles/Articles.tsx", "TypeScript React", 129, 0, 0, 0, 0, 0, 0, 0, 0, 0, 30, 49, 208
"/Users/aic/Desktop/zen-blog/src/components/HomePage/Articles/InspiraCard/InspiraCard.less", "Less", 0, 0, 84, 0, 0, 0, 0, 0, 0, 0, 2, 13, 99
"/Users/aic/Desktop/zen-blog/src/components/HomePage/Articles/InspiraCard/InspiraCard.tsx", "TypeScript React", 28, 0, 0, 0, 0, 0, 0, 0, 0, 0, 1, 7, 36
"/Users/aic/Desktop/zen-blog/src/components/HomePage/Articles/SideNav/SideNav.less", "Less", 0, 0, 141, 0, 0, 0, 0, 0, 0, 0, 34, 24, 199
"/Users/aic/Desktop/zen-blog/src/components/HomePage/Articles/SideNav/SideNav.tsx", "TypeScript React", 71, 0, 0, 0, 0, 0, 0, 0, 0, 0, 13, 26, 110
"/Users/aic/Desktop/zen-blog/src/components/HomePage/HomePage.less", "Less", 0, 0, 29, 0, 0, 0, 0, 0, 0, 0, 5, 4, 38
"/Users/aic/Desktop/zen-blog/src/components/HomePage/HomePage.tsx", "TypeScript React", 71, 0, 0, 0, 0, 0, 0, 0, 0, 0, 20, 29, 120
"/Users/aic/Desktop/zen-blog/src/components/HomePage/TitleBar/FilterTabs/Filter.less", "Less", 0, 0, 104, 0, 0, 0, 0, 0, 0, 0, 21, 18, 143
"/Users/aic/Desktop/zen-blog/src/components/HomePage/TitleBar/FilterTabs/FilterTabs.tsx", "TypeScript React", 67, 0, 0, 0, 0, 0, 0, 0, 0, 0, 38, 28, 133
"/Users/aic/Desktop/zen-blog/src/components/HomePage/TitleBar/TitleBar.less", "Less", 0, 0, 71, 0, 0, 0, 0, 0, 0, 0, 11, 12, 94
"/Users/aic/Desktop/zen-blog/src/components/HomePage/TitleBar/TitleBar.tsx", "TypeScript React", 39, 0, 0, 0, 0, 0, 0, 0, 0, 0, 8, 13, 60
"/Users/aic/Desktop/zen-blog/src/components/HomePage/WorkContainer/BannerCard/BannerCard.less", "Less", 0, 0, 295, 0, 0, 0, 0, 0, 0, 0, 10, 49, 354
"/Users/aic/Desktop/zen-blog/src/components/HomePage/WorkContainer/BannerCard/BannerCard.tsx", "TypeScript React", 123, 0, 0, 0, 0, 0, 0, 0, 0, 0, 21, 28, 172
"/Users/aic/Desktop/zen-blog/src/components/HomePage/WorkContainer/BannerCard/BannerText.tsx", "TypeScript React", 16, 0, 0, 0, 0, 0, 0, 0, 0, 0, 0, 6, 22
"/Users/aic/Desktop/zen-blog/src/components/HomePage/WorkContainer/MainContainer.less", "Less", 0, 0, 70, 0, 0, 0, 0, 0, 0, 0, 9, 10, 89
"/Users/aic/Desktop/zen-blog/src/components/HomePage/WorkContainer/MainContainer.tsx", "TypeScript React", 56, 0, 0, 0, 0, 0, 0, 0, 0, 0, 55, 16, 127
"/Users/aic/Desktop/zen-blog/src/components/HomePage/WorkContainer/ProjectCard/ProjectCard.less", "Less", 0, 0, 67, 0, 0, 0, 0, 0, 0, 0, 2, 15, 84
"/Users/aic/Desktop/zen-blog/src/components/HomePage/WorkContainer/ProjectCard/ProjectCard.tsx", "TypeScript React", 43, 0, 0, 0, 0, 0, 0, 0, 0, 0, 10, 13, 66
"/Users/aic/Desktop/zen-blog/src/components/HomePage/WorkContainer/WorkTopInfo/WorkTopInfo.less", "Less", 0, 0, 188, 0, 0, 0, 0, 0, 0, 0, 4, 42, 234
"/Users/aic/Desktop/zen-blog/src/components/HomePage/WorkContainer/WorkTopInfo/WorkTopInfo.tsx", "TypeScript React", 38, 0, 0, 0, 0, 0, 0, 0, 0, 0, 3, 3, 44
"/Users/aic/Desktop/zen-blog/src/components/HomePage/WorkContainer/pages/AutoStep/AutoStep.less", "Less", 0, 0, 111, 0, 0, 0, 0, 0, 0, 0, 4, 20, 135
"/Users/aic/Desktop/zen-blog/src/components/HomePage/WorkContainer/pages/AutoStep/AutoStep.tsx", "TypeScript React", 37, 0, 0, 0, 0, 0, 0, 0, 0, 0, 3, 5, 45
"/Users/aic/Desktop/zen-blog/src/components/HomePage/WorkContainer/pages/Automation/Automation.less", "Less", 0, 0, 126, 0, 0, 0, 0, 0, 0, 0, 3, 18, 147
"/Users/aic/Desktop/zen-blog/src/components/HomePage/WorkContainer/pages/Automation/Automation.tsx", "TypeScript React", 35, 0, 0, 0, 0, 0, 0, 0, 0, 0, 0, 9, 44
"/Users/aic/Desktop/zen-blog/src/components/HomePage/WorkContainer/pages/BasicInfo/BasicInfo.less", "Less", 0, 0, 150, 0, 0, 0, 0, 0, 0, 0, 1, 34, 185
"/Users/aic/Desktop/zen-blog/src/components/HomePage/WorkContainer/pages/BasicInfo/BasicInfo.tsx", "TypeScript React", 64, 0, 0, 0, 0, 0, 0, 0, 0, 0, 39, 19, 122
"/Users/aic/Desktop/zen-blog/src/components/HomePage/WorkContainer/pages/BlockReference/BlockReference.less", "Less", 0, 0, 267, 0, 0, 0, 0, 0, 0, 0, 5, 32, 304
"/Users/aic/Desktop/zen-blog/src/components/HomePage/WorkContainer/pages/BlockReference/BlockReference.tsx", "TypeScript React", 51, 0, 0, 0, 0, 0, 0, 0, 0, 0, 3, 7, 61
"/Users/aic/Desktop/zen-blog/src/components/HomePage/WorkContainer/pages/BusinessGoals/BusinessGoals.less", "Less", 0, 0, 253, 0, 0, 0, 0, 0, 0, 0, 4, 43, 300
"/Users/aic/Desktop/zen-blog/src/components/HomePage/WorkContainer/pages/BusinessGoals/BusinessGoals.tsx", "TypeScript React", 61, 0, 0, 0, 0, 0, 0, 0, 0, 0, 0, 8, 69
"/Users/aic/Desktop/zen-blog/src/components/HomePage/WorkContainer/pages/CanvasBlock/CanvasBlock.less", "Less", 0, 0, 208, 0, 0, 0, 0, 0, 0, 0, 8, 32, 248
"/Users/aic/Desktop/zen-blog/src/components/HomePage/WorkContainer/pages/CanvasBlock/CanvasBlock.tsx", "TypeScript React", 49, 0, 0, 0, 0, 0, 0, 0, 0, 0, 9, 13, 71
"/Users/aic/Desktop/zen-blog/src/components/HomePage/WorkContainer/pages/DefinitionBlock/DefinitionBlock.less", "Less", 0, 0, 111, 0, 0, 0, 0, 0, 0, 0, 4, 23, 138
"/Users/aic/Desktop/zen-blog/src/components/HomePage/WorkContainer/pages/DefinitionBlock/DefinitionBlock.tsx", "TypeScript React", 43, 0, 0, 0, 0, 0, 0, 0, 0, 0, 2, 5, 50
"/Users/aic/Desktop/zen-blog/src/components/HomePage/WorkContainer/pages/Editorial/Editoral.less", "Less", 0, 0, 143, 0, 0, 0, 0, 0, 0, 0, 6, 23, 172
"/Users/aic/Desktop/zen-blog/src/components/HomePage/WorkContainer/pages/Editorial/Editoral.tsx", "TypeScript React", 38, 0, 0, 0, 0, 0, 0, 0, 0, 0, 4, 7, 49
"/Users/aic/Desktop/zen-blog/src/components/HomePage/WorkContainer/pages/ExpandPlayground/ExpandPlayground.less", "Less", 0, 0, 235, 0, 0, 0, 0, 0, 0, 0, 8, 33, 276
"/Users/aic/Desktop/zen-blog/src/components/HomePage/WorkContainer/pages/ExpandPlayground/ExpandPlayground.tsx", "TypeScript React", 66, 0, 0, 0, 0, 0, 0, 0, 0, 0, 4, 8, 78
"/Users/aic/Desktop/zen-blog/src/components/HomePage/WorkContainer/pages/HashtagDM/HashtagDM.less", "Less", 0, 0, 179, 0, 0, 0, 0, 0, 0, 0, 15, 24, 218
"/Users/aic/Desktop/zen-blog/src/components/HomePage/WorkContainer/pages/HashtagDM/HashtagDM.tsx", "TypeScript React", 44, 0, 0, 0, 0, 0, 0, 0, 0, 0, 6, 6, 56
"/Users/aic/Desktop/zen-blog/src/components/HomePage/WorkContainer/pages/Intergation/Intergation.less", "Less", 0, 0, 172, 0, 0, 0, 0, 0, 0, 0, 4, 29, 205
"/Users/aic/Desktop/zen-blog/src/components/HomePage/WorkContainer/pages/Intergation/Intergation.tsx", "TypeScript React", 56, 0, 0, 0, 0, 0, 0, 0, 0, 0, 4, 3, 63
"/Users/aic/Desktop/zen-blog/src/components/HomePage/WorkContainer/pages/KMGrowth/KMGrowth.less", "Less", 0, 0, 312, 0, 0, 0, 0, 0, 0, 0, 18, 32, 362
"/Users/aic/Desktop/zen-blog/src/components/HomePage/WorkContainer/pages/KMGrowth/KMGrowth.tsx", "TypeScript React", 58, 0, 0, 0, 0, 0, 0, 0, 0, 0, 7, 8, 73
"/Users/aic/Desktop/zen-blog/src/components/HomePage/WorkContainer/pages/KnowledgeGraphic/KnowledgeGraphic.less", "Less", 0, 0, 0, 0, 0, 0, 0, 0, 0, 0, 0, 1, 1
"/Users/aic/Desktop/zen-blog/src/components/HomePage/WorkContainer/pages/KnowledgeGraphic/KnowledgeGraphic.tsx", "TypeScript React", 8, 0, 0, 0, 0, 0, 0, 0, 0, 0, 0, 3, 11
"/Users/aic/Desktop/zen-blog/src/components/HomePage/WorkContainer/pages/ProjectA.less", "Less", 0, 0, 61, 0, 0, 0, 0, 0, 0, 0, 1, 15, 77
"/Users/aic/Desktop/zen-blog/src/components/HomePage/WorkContainer/pages/ProjectA.tsx", "TypeScript React", 77, 0, 0, 0, 0, 0, 0, 0, 0, 0, 26, 34, 137
"/Users/aic/Desktop/zen-blog/src/components/HomePage/WorkContainer/pages/UserFeedback/UserFeedback.less", "Less", 0, 0, 279, 0, 0, 0, 0, 0, 0, 0, 9, 39, 327
"/Users/aic/Desktop/zen-blog/src/components/HomePage/WorkContainer/pages/UserFeedback/UserFeedback.tsx", "TypeScript React", 61, 0, 0, 0, 0, 0, 0, 0, 0, 0, 2, 19, 82
"/Users/aic/Desktop/zen-blog/src/components/HomePage/WorkContainer/pages/UserTypeInfo/UserTypeInfo.less", "Less", 0, 0, 227, 0, 0, 0, 0, 0, 0, 0, 8, 39, 274
"/Users/aic/Desktop/zen-blog/src/components/HomePage/WorkContainer/pages/UserTypeInfo/UserTypeInfo.tsx", "TypeScript React", 171, 0, 0, 0, 0, 0, 0, 0, 0, 0, 12, 23, 206
"/Users/aic/Desktop/zen-blog/src/components/HomePage/WorkContainer/pages/UxStategy/UxStategy.less", "Less", 0, 0, 147, 0, 0, 0, 0, 0, 0, 0, 2, 22, 171
"/Users/aic/Desktop/zen-blog/src/components/HomePage/WorkContainer/pages/UxStategy/UxStategy.tsx", "TypeScript React", 80, 0, 0, 0, 0, 0, 0, 0, 0, 0, 4, 11, 95
"/Users/aic/Desktop/zen-blog/src/components/HomePage/WorkContainer/pages/readme.md", "Markdown", 0, 0, 0, 0, 0, 0, 0, 0, 2, 0, 0, 1, 3
"/Users/aic/Desktop/zen-blog/src/components/Mouse/MouseDot.less", "Less", 0, 0, 46, 0, 0, 0, 0, 0, 0, 0, 6, 9, 61
"/Users/aic/Desktop/zen-blog/src/components/Mouse/MouseDot.tsx", "TypeScript React", 27, 0, 0, 0, 0, 0, 0, 0, 0, 0, 7, 10, 44
"/Users/aic/Desktop/zen-blog/src/components/Mouse/useMouseContext.tsx", "TypeScript React", 28, 0, 0, 0, 0, 0, 0, 0, 0, 0, 12, 19, 59
"/Users/aic/Desktop/zen-blog/src/components/NotFound/NotFound.tsx", "TypeScript React", 7, 0, 0, 0, 0, 0, 0, 0, 0, 0, 0, 3, 10
"/Users/aic/Desktop/zen-blog/src/design/color/Global.less", "Less", 0, 0, 8, 0, 0, 0, 0, 0, 0, 0, 3, 2, 13
"/Users/aic/Desktop/zen-blog/src/hooks/getMousePosition.tsx", "TypeScript React", 18, 0, 0, 0, 0, 0, 0, 0, 0, 0, 32, 25, 75
"/Users/aic/Desktop/zen-blog/src/index.css", "CSS", 0, 0, 0, 0, 60, 0, 0, 0, 0, 0, 3, 10, 73
"/Users/aic/Desktop/zen-blog/src/main.tsx", "TypeScript React", 16, 0, 0, 0, 0, 0, 0, 0, 0, 0, 3, 6, 25
"/Users/aic/Desktop/zen-blog/src/router/index.tsx", "TypeScript React", 41, 0, 0, 0, 0, 0, 0, 0, 0, 0, 2, 5, 48
"/Users/aic/Desktop/zen-blog/src/store/index.tsx", "TypeScript React", 12, 0, 0, 0, 0, 0, 0, 0, 0, 0, 8, 11, 31
"/Users/aic/Desktop/zen-blog/src/store/reducers/bannerDots.tsx", "TypeScript React", 24, 0, 0, 0, 0, 0, 0, 0, 0, 0, 5, 10, 39
"/Users/aic/Desktop/zen-blog/src/store/reducers/index.tsx", "TypeScript React", 5, 0, 0, 0, 0, 0, 0, 0, 0, 0, 2, 3, 10
"/Users/aic/Desktop/zen-blog/src/store/reducers/inspireNavs.tsx", "TypeScript React", 24, 0, 0, 0, 0, 0, 0, 0, 0, 0, 5, 5, 34
"/Users/aic/Desktop/zen-blog/src/store/reducers/tabs.tsx", "TypeScript React", 29, 0, 0, 0, 0, 0, 0, 0, 0, 0, 7, 15, 51
"/Users/aic/Desktop/zen-blog/src/types/global.ts", "TypeScript", 0, 45, 0, 0, 0, 0, 0, 0, 0, 0, 9, 13, 67
"/Users/aic/Desktop/zen-blog/src/types/vanta.birds.min.d.ts", "TypeScript", 0, 4, 0, 0, 0, 0, 0, 0, 0, 0, 2, 3, 9
"/Users/aic/Desktop/zen-blog/src/utils/Tabcontext.tsx", "TypeScript React", 9, 0, 0, 0, 0, 0, 0, 0, 0, 0, 3, 6, 18
"/Users/aic/Desktop/zen-blog/src/utils/Trottle.tsx", "TypeScript React", 13, 0, 0, 0, 0, 0, 0, 0, 0, 0, 1, 5, 19
"/Users/aic/Desktop/zen-blog/src/utils/useEleOnScreen.tsx", "TypeScript React", 31, 0, 0, 0, 0, 0, 0, 0, 0, 0, 5, 7, 43
"/Users/aic/Desktop/zen-blog/src/vite-env.d.ts", "TypeScript", 0, 6, 0, 0, 0, 0, 0, 0, 0, 0, 2, 3, 11
"/Users/aic/Desktop/zen-blog/tsconfig.json", "JSON with Comments", 0, 0, 0, 0, 0, 0, 22, 0, 0, 0, 0, 1, 23
"/Users/aic/Desktop/zen-blog/tsconfig.node.json", "JSON", 0, 0, 0, 0, 0, 9, 0, 0, 0, 0, 0, 1, 10
"/Users/aic/Desktop/zen-blog/vercel.json", "JSON", 0, 0, 0, 0, 0, 3, 0, 0, 0, 0, 0, 0, 3
"/Users/aic/Desktop/zen-blog/vite.config.ts", "TypeScript", 0, 15, 0, 0, 0, 0, 0, 0, 0, 0, 4, 2, 21
"Total", "-", 2236, 70, 5507, 516, 60, 28461, 22, 1372, 4, 13, 1166, 1770, 41197